{
    "CITTA' METROPOLITANA DI BOLOGNA": [
      "Anzola dell'Emilia",
      "Argelato",
      "Baricella",
      "Bentivoglio",
      "Bologna",
      "Borgo Tossignano",
      "Budrio",
      "Calderara di Reno",
      "Camugnano",
      "Casalecchio di Reno",
      "Casalfiumanese",
      "Castel d'Aiano",
      "Castel del Rio",
      "Castel di Casio",
      "Castel Guelfo di Bologna",
      "Castel Maggiore",
      "Castel San Pietro Terme",
      "Castello d'Argile",
      "Castenaso",
      "Castiglione dei Pepoli",
      "Crevalcore",
      "Dozza",
      "Fontanelice",
      "Gaggio Montano",
      "Galliera",
      "Granaglione",
      "Granarolo dell'Emilia",
      "Grizzana Morandi",
      "Imola",
      "Lizzano in Belvedere",
      "Loiano",
      "Malalbergo",
      "Marzabotto",
      "Medicina",
      "Minerbio",
      "Molinella",
      "Monghidoro",
      "Monte San Pietro",
      "Monterenzio",
      "Monzuno",
      "Mordano",
      "Ozzano dell'Emilia",
      "Pianoro",
      "Pieve di Cento",
      "Porretta Terme",
      "Sala Bolognese",
      "San Benedetto Val di Sambro",
      "San Giorgio di Piano",
      "San Giovanni in Persiceto",
      "San Lazzaro di Savena",
      "San Pietro in Casale",
      "Sant'Agata Bolognese",
      "Sasso Marconi",
      "Valsamoggia",
      "Vergato",
      "Zola Predosa"
    ],
    "FERRARA": [
      "Argenta",
      "Berra",
      "Bondeno",
      "Cento",
      "Codigoro",
      "Comacchio",
      "Copparo",
      "Ferrara",
      "Fiscaglia",
      "Jolanda di Savoia",
      "Lagosanto",
      "Masi Torello",
      "Mesola",
      "Ostellato",
      "Poggio Renatico",
      "Portomaggiore",
      "Riva del Po",
      "Vigarano Mainarda",
      "Voghiera"
    ],
    "FORLI'": [
      "Bagno di Romagna",
      "Bertinoro",
      "Borghi",
      "Castrocaro Terme e Terra del Sole",
      "Cesenatico",
      "Cesena",
      "Civitella di Romagna",
      "Dovadola",
      "Forlì",
      "Galeata",
      "Gambettola",
      "Gatteo",
      "Longiano",
      "Meldola",
      "Mercato Saraceno",
      "Modigliana",
      "Montiano",
      "Portico e San Benedetto",
      "Predappio",
      "Premilcuore",
      "Rocca San Casciano",
      "Roncofreddo",
      "San Mauro Pascoli",
      "Santa Sofia",
      "Sarsina",
      "Savignano sul Rubicone",
      "Sogliano al Rubicone",
      "Tredozio",
      "Verghereto",
      "Villafranca"
    ],
    "MODENA": [
      "Bastiglia",
      "Bomporto",
      "Campogalliano",
      "Camposanto",
      "Carpi",
      "Castelfranco Emilia",
      "Castelnuovo Rangone",
      "Castelvetro di Modena",
      "Cavezzo",
      "Concordia sulla Secchia",
      "Fanano",
      "Fiorano Modenese",
      "Finale Emilia",
      "Formigine",
      "Frassinoro",
      "Guiglia",
      "Lama Mocogno",
      "Maranello",
      "Marano sul Panaro",
      "Medolla",
      "Mirandola",
      "Modena",
      "Montecreto",
      "Montefiorino",
      "Montese",
      "Novi di Modena",
      "Nonantola",
      "Palagano",
      "Pavullo nel Frignano",
      "Pievepelago",
      "Polinago",
      "Prignano sulla Secchia",
      "Ravarino",
      "Riolunato",
      "San Cesario sul Panaro",
      "San Felice sul Panaro",
      "San Possidonio",
      "San Prospero",
      "Sassuolo",
      "Savignano sul Panaro",
      "Serramazzoni",
      "Sestola",
      "Soliera",
      "Spilamberto",
      "Vignola",
      "Zocca"
    ],
    "PARMA": [
      "Albareto",
      "Bardi",
      "Bedonia",
      "Berceto",
      "Bore",
      "Borgo Val di Taro",
      "Busseto",
      "Calestano",
      "Collecchio",
      "Colorno",
      "Compiano",
      "Corniglio",
      "Felino",
      "Fidenza",
      "Fornovo di Taro",
      "Langhirano",
      "Lesignano de' Bagni",
      "Medesano",
      "Mezzani",
      "Monchio delle Corti",
      "Montechiarugolo",
      "Neviano degli Arduini",
      "Noceto",
      "Palanzano",
      "Parma",
      "Pellegrino Parmense",
      "Polesine Zibello",
      "Roccabianca",
      "Sala Baganza",
      "Salsomaggiore Terme",
      "San Secondo Parmense",
      "Soragna",
      "Sorbolo Mezzani",
      "Terenzo",
      "Tizzano Val Parma",
      "Tornolo",
      "Traversetolo",
      "Valmozzola",
      "Varano de' Melegari",
      "Varsi"
    ],
    "PIACENZA": [
      "Agazzano",
      "Alseno",
      "Besenzone",
      "Bettola",
      "Bobbio",
      "Borgonovo Val Tidone",
      "Cadeo",
      "Calendasco",
      "Caorso",
      "Carpaneto Piacentino",
      "Castell'Arquato",
      "Castel San Giovanni",
      "Castelvetro Piacentino",
      "Cerignale",
      "Coli",
      "Corte Brugnatella",
      "Cortemaggiore",
      "Farini",
      "Ferriere",
      "Fiorenzuola d'Arda",
      "Gazzola",
      "Gossolengo",
      "Gragnano Trebbiense",
      "Gropparello",
      "Lugagnano Val d'Arda",
      "Monticelli d'Ongina",
      "Morfasso",
      "Nibbiano",
      "Ottone",
      "Piacenza",
      "Piozzano",
      "Podenzano",
      "Ponte dell'Olio",
      "Pontenure",
      "Rivergaro",
      "Rottofreno",
      "San Giorgio Piacentino",
      "San Pietro in Cerro",
      "Sarmato",
      "Travo",
      "Vernasca",
      "Vigolzone",
      "Villanova sull'Arda",
      "Zerba",
      "Ziano Piacentino"
    ],
    "RAVENNA": [
      "Alfonsine",
      "Bagnacavallo",
      "Bagnara di Romagna",
      "Brisighella",
      "Casola Valsenio",
      "Castel Bolognese",
      "Cervia",
      "Conselice",
      "Cotignola",
      "Faenza",
      "Fusignano",
      "Lugo",
      "Massa Lombarda",
      "Ravenna",
      "Riolo Terme",
      "Russi",
      "Sant'Agata sul Santerno",
      "Solarolo"
    ],
    "REGGIO EMILIA": [
      "Albinea",
      "Bagnolo in Piano",
      "Baiso",
      "Bibbiano",
      "Boretto",
      "Brescello",
      "Cadelbosco di Sopra",
      "Campegine",
      "Canossa",
      "Carpineti",
      "Casalgrande",
      "Casina",
      "Castellarano",
      "Castelnovo di Sotto",
      "Castelnovo ne' Monti",
      "Cavriago",
      "Correggio",
      "Fabbrico",
      "Gattatico",
      "Gualtieri",
      "Guastalla",
      "Luzzara",
      "Montecchio Emilia",
      "Novellara",
      "Poviglio",
      "Quattro Castella",
      "Reggio nell'Emilia",
      "Reggiolo",
      "Rio Saliceto",
      "Rolo",
      "Rubiera",
      "San Martino in Rio",
      "San Polo d'Enza",
      "Scandiano",
      "Toano",
      "Vetto",
      "Vezzano sul Crostolo",
      "Viano",
      "Villa Minozzo"
    ],
    "RIMINI": [
      "Bellaria-Igea Marina",
      "Cattolica",
      "Coriano",
      "Gemmano",
      "Misano Adriatico",
      "Mondaino",
      "Monte Colombo",
      "Montefiore Conca",
      "Montegridolfo",
      "Morciano di Romagna",
      "Riccione",
      "Rimini",
      "Saludecio",
      "San Clemente",
      "San Giovanni in Marignano",
      "Sant'Agata Feltria",
      "Santarcangelo di Romagna",
      "Talamello",
      "Verucchio"
    ]
}